ang_deg,f_GHz,mech,value_dB,readme_claim,header_claim,status
0.0,2.37,plain,-3.11009456547807,normalized measured power dBm,AR dB,CONFLICT->supplement only
0.0,2.37,bent,-3.23157751972194,normalized measured power dBm,AR dB,CONFLICT->supplement only
0.0,2.4,plain,-3.4045597018922,normalized measured power dBm,AR dB,CONFLICT->supplement only
0.0,2.4,bent,-3.50497572939322,normalized measured power dBm,AR dB,CONFLICT->supplement only
0.0,2.42,plain,-3.11009456547807,normalized measured power dBm,AR dB,CONFLICT->supplement only
0.0,2.42,bent,-3.20714462136632,normalized measured power dBm,AR dB,CONFLICT->supplement only
15.0,2.37,plain,-1.42651584141538,normalized measured power dBm,AR dB,CONFLICT->supplement only
15.0,2.37,bent,-1.52646964452558,normalized measured power dBm,AR dB,CONFLICT->supplement only
15.0,2.4,plain,-1.89613775840584,normalized measured power dBm,AR dB,CONFLICT->supplement only
15.0,2.4,bent,-1.79186412149791,normalized measured power dBm,AR dB,CONFLICT->supplement only
15.0,2.42,plain,-1.40666237074183,normalized measured power dBm,AR dB,CONFLICT->supplement only
15.0,2.42,bent,-1.50638665375651,normalized measured power dBm,AR dB,CONFLICT->supplement only
30.0,2.37,plain,-0.344040602152445,normalized measured power dBm,AR dB,CONFLICT->supplement only
30.0,2.37,bent,-0.256744494103444,normalized measured power dBm,AR dB,CONFLICT->supplement only
30.0,2.4,plain,-0.309016806157177,normalized measured power dBm,AR dB,CONFLICT->supplement only
30.0,2.4,bent,-0.396842525476614,normalized measured power dBm,AR dB,CONFLICT->supplement only
30.0,2.42,plain,-0.204784879705272,normalized measured power dBm,AR dB,CONFLICT->supplement only
30.0,2.42,bent,-0.309016806157177,normalized measured power dBm,AR dB,CONFLICT->supplement only
45.0,2.37,plain,0.0,normalized measured power dBm,AR dB,CONFLICT->supplement only
45.0,2.4,bent,0.0,normalized measured power dBm,AR dB,CONFLICT->supplement only
45.0,,?,0.0,normalized measured power dBm,AR dB,CONFLICT->supplement only
45.0,,?,-0.101788934088645,normalized measured power dBm,AR dB,CONFLICT->supplement only
45.0,,?,0.0,normalized measured power dBm,AR dB,CONFLICT->supplement only
45.0,,?,-0.101788934088645,normalized measured power dBm,AR dB,CONFLICT->supplement only
60.0,2.37,plain,-0.396842525476614,normalized measured power dBm,AR dB,CONFLICT->supplement only
60.0,2.37,bent,-0.256744494103444,normalized measured power dBm,AR dB,CONFLICT->supplement only
60.0,2.4,plain,-0.204784879705272,normalized measured power dBm,AR dB,CONFLICT->supplement only
60.0,2.4,bent,-0.204784879705272,normalized measured power dBm,AR dB,CONFLICT->supplement only
60.0,2.42,plain,-0.204784879705272,normalized measured power dBm,AR dB,CONFLICT->supplement only
60.0,2.42,bent,-0.309016806157177,normalized measured power dBm,AR dB,CONFLICT->supplement only
75.0,2.37,plain,-1.60726920056038,normalized measured power dBm,AR dB,CONFLICT->supplement only
75.0,2.37,bent,-0.999890870078595,normalized measured power dBm,AR dB,CONFLICT->supplement only
75.0,2.4,plain,-1.09502752368174,normalized measured power dBm,AR dB,CONFLICT->supplement only
75.0,2.4,bent,-1.30807005636243,normalized measured power dBm,AR dB,CONFLICT->supplement only
75.0,2.42,plain,-0.999890870078595,normalized measured power dBm,AR dB,CONFLICT->supplement only
75.0,2.42,bent,-1.09502752368174,normalized measured power dBm,AR dB,CONFLICT->supplement only
90.0,2.37,plain,-3.15848404794633,normalized measured power dBm,AR dB,CONFLICT->supplement only
90.0,2.37,bent,-3.20714462136632,normalized measured power dBm,AR dB,CONFLICT->supplement only
90.0,2.4,plain,-3.4045597018922,normalized measured power dBm,AR dB,CONFLICT->supplement only
90.0,2.4,bent,-3.50497572939322,normalized measured power dBm,AR dB,CONFLICT->supplement only
90.0,2.42,plain,-3.11009456547807,normalized measured power dBm,AR dB,CONFLICT->supplement only
90.0,2.42,bent,-3.20714462136632,normalized measured power dBm,AR dB,CONFLICT->supplement only
