pool,proto,mech,coup,f_GHz,Pin_dBm,dist_m,rot_deg,case_id,R_load_kOhm,Y_VDC_V,Y_PDC_W,Y_eff_01,file,measured_flag,PG_dB,Prx_pred_dBm,PDC_dBm,friis_resid_dB,VDC_dB,f_res_LEAKY_DO_NOT_USE,cos2_rot
81785,plain,plain,air,2.36,,0.3,,1,,0.46900000000000003,4.31296078431373e-05,0.152911624503985,81785_plain,1,-29.588422114674046,-0.5884221146740458,-13.652244906677694,-13.063822792003648,-6.576543145698333,2.4,1.0
81785,plain,plain,air,2.36,,0.5,,1,,0.364,2.59796078431373e-05,0.255855692098448,81785_plain,1,-34.025397107001176,-5.025397107001176,-15.853674087998236,-10.82827698099706,-8.77797232701888,2.4,1.0
81785,plain,plain,air,2.36,,0.65,,1,,0.189,7.00411764705882e-06,0.0993295382164449,81785_plain,1,-36.30426415313791,-7.3042641531379076,-21.546465677514483,-14.242201524376576,-14.470763916535116,2.4,1.0
81785,plain,plain,air,2.36,,0.8,,1,,0.158,4.89490196078431e-06,0.123408892598395,81785_plain,1,-38.10779676011967,-9.107796760119669,-23.102560021890916,-13.994763261771247,-16.026858260911546,2.4,1.0
81785,plain,plain,air,2.37,,0.3,,1,,0.586,6.73325490196078e-05,0.238720683249169,81785_plain,1,-29.588422114674046,-0.5884221146740458,-11.717749440617553,-11.129327325943507,-4.642047679638187,2.4,1.0
81785,plain,plain,air,2.37,,0.5,,1,,0.42,3.45882352941176e-05,0.34063627646243,81785_plain,1,-34.025397107001176,-5.025397107001176,-14.61071595302136,-9.585318846020185,-7.5350141920419915,2.4,1.0
81785,plain,plain,air,2.37,,0.65,,1,,0.252,1.24517647058824e-05,0.176585845718124,81785_plain,1,-36.30426415313791,-7.3042641531379076,-19.047690945348464,-11.743426792210556,-11.971989184369118,2.4,1.0
81785,plain,plain,air,2.37,,0.8,,1,,0.195,7.45588235294118e-06,0.187975610521309,81785_plain,1,-38.10779676011967,-9.107796760119669,-21.275009533729,-12.167212773609332,-14.199307772749638,2.4,1.0
81785,plain,plain,air,2.38,,0.3,,1,,0.732,0.000105063529411765,0.372492024896338,81785_plain,1,-29.588422114674046,-0.5884221146740458,-9.785480139811515,-9.19705802513747,-2.709778378832163,2.4,1.0
81785,plain,plain,air,2.38,,0.5,,1,,0.47600000000000003,4.44266666666667e-05,0.437528372878411,81785_plain,1,-34.025397107001176,-5.025397107001176,-13.523562706569498,-8.498165599568322,-6.447860945590136,2.4,1.0
81785,plain,plain,air,2.38,,0.65,,1,,0.315,1.94558823529412e-05,0.275915383934569,81785_plain,1,-36.30426415313791,-7.3042641531379076,-17.10949068518735,-9.805226532049442,-10.03378892420799,2.4,1.0
81785,plain,plain,air,2.38,,0.8,,1,,0.211,8.72960784313725e-06,0.220088419619177,81785_plain,1,-38.10779676011967,-9.107796760119669,-20.59005265502551,-11.48225589490584,-13.514350894046148,2.4,1.0
81785,plain,plain,air,2.39,,0.3,,1,,0.8200000000000001,0.000131843137254902,0.467436392435385,81785_plain,1,-29.588422114674046,-0.5884221146740458,-8.79942471330503,-8.211002598630984,-1.7237229523256656,2.4,1.0
81785,plain,plain,air,2.39,,0.5,,1,,0.504,4.98070588235294e-05,0.4905162381059,81785_plain,1,-34.025397107001176,-5.025397107001176,-13.027091032068858,-8.001693925067682,-5.951389271089495,2.4,1.0
81785,plain,plain,air,2.39,,0.65,,1,,0.378,2.80164705882353e-05,,81785_plain,1,-36.30426415313791,-7.3042641531379076,-15.525865764234856,-8.221601611096949,-8.450164003255495,2.4,1.0
81785,plain,plain,air,2.39,,0.8,,1,,0.264,1.36658823529412e-05,0.39731815286578,81785_plain,1,-38.10779676011967,-9.107796760119669,-18.643623223582736,-9.535826463463067,-11.56792146260338,2.4,1.0
81785,plain,plain,air,2.4,,0.3,,1,,0.879,0.000151498235294118,0.537121537310631,81785_plain,1,-29.588422114674046,-0.5884221146740458,-8.195924259503917,-7.607502144829871,-1.1202224985245621,2.4,1.0
81785,plain,plain,air,2.4,,0.5,,1,,0.504,4.98070588235294e-05,0.4905162381059,81785_plain,1,-34.025397107001176,-5.025397107001176,-13.027091032068858,-8.001693925067682,-5.951389271089495,2.4,1.0
81785,plain,plain,air,2.4,,0.65,,1,,0.41000000000000003,3.29607843137255e-05,,81785_plain,1,-36.30426415313791,-7.3042641531379076,-14.820024626584654,-7.515760473446747,-7.74432286560529,2.4,1.0
81785,plain,plain,air,2.4,,0.8,,1,,0.29,1.64901960784314e-05,0.467436392435385,81785_plain,1,-38.10779676011967,-9.107796760119669,-17.827741803000233,-8.719945042880564,-10.752040042020878,2.4,1.0
81785,plain,plain,air,2.41,,0.3,,1,,0.8200000000000001,0.000131843137254902,0.467436392435385,81785_plain,1,-29.588422114674046,-0.5884221146740458,-8.79942471330503,-8.211002598630984,-1.7237229523256656,2.4,1.0
81785,plain,plain,air,2.41,,0.5,,1,,0.47600000000000003,4.44266666666667e-05,0.437528372878411,81785_plain,1,-34.025397107001176,-5.025397107001176,-13.523562706569498,-8.498165599568322,-6.447860945590136,2.4,1.0
81785,plain,plain,air,2.41,,0.65,,1,,0.397,3.09037254901961e-05,0.438264023648713,81785_plain,1,-36.30426415313791,-7.3042641531379076,-15.09989162571706,-7.795627472579152,-8.024189864737698,2.4,1.0
81785,plain,plain,air,2.41,,0.8,,1,,0.23700000000000002,1.10135294117647e-05,0.277670008346388,81785_plain,1,-38.10779676011967,-9.107796760119669,-19.58073484077729,-10.47293808065762,-12.505033079797922,2.4,1.0
81785,plain,plain,air,2.42,,0.3,,1,,0.732,0.000105063529411765,0.372492024896338,81785_plain,1,-29.588422114674046,-0.5884221146740458,-9.785480139811515,-9.19705802513747,-2.709778378832163,2.4,1.0
81785,plain,plain,air,2.42,,0.5,,1,,0.42,3.45882352941176e-05,0.34063627646243,81785_plain,1,-34.025397107001176,-5.025397107001176,-14.61071595302136,-9.585318846020185,-7.5350141920419915,2.4,1.0
81785,plain,plain,air,2.42,,0.65,,1,,0.303,1.80017647058824e-05,0.255293680863178,81785_plain,1,-36.30426415313791,-7.3042641531379076,-17.44684919093325,-10.142585037795342,-10.3711474299539,2.4,1.0
81785,plain,plain,air,2.42,,0.8,,1,,0.2,7.84313725490196e-06,0.197738972277511,81785_plain,1,-38.10779676011967,-9.107796760119669,-21.055101847699742,-11.947305087580073,-13.979400086720375,2.4,1.0
81785,plain,plain,air,2.43,,0.3,,1,,0.586,6.73325490196078e-05,0.238720683249169,81785_plain,1,-29.588422114674046,-0.5884221146740458,-11.717749440617553,-11.129327325943507,-4.642047679638187,2.4,1.0
81785,plain,plain,air,2.43,,0.5,,1,,0.364,2.59796078431373e-05,0.255855692098448,81785_plain,1,-34.025397107001176,-5.025397107001176,-15.853674087998236,-10.82827698099706,-8.77797232701888,2.4,1.0
81785,plain,plain,air,2.43,,0.65,,1,,0.252,1.24517647058824e-05,0.176585845718124,81785_plain,1,-36.30426415313791,-7.3042641531379076,-19.047690945348464,-11.743426792210556,-11.971989184369118,2.4,1.0
81785,plain,plain,air,2.43,,0.8,,1,,0.158,4.89490196078431e-06,0.123408892598395,81785_plain,1,-38.10779676011967,-9.107796760119669,-23.102560021890916,-13.994763261771247,-16.026858260911546,2.4,1.0
81785,plain,plain,air,2.44,,0.3,,1,,0.527,5.44566666666667e-05,0.193070555970683,81785_plain,1,-29.588422114674046,-0.5884221146740458,-12.63948945672843,-12.051067342054385,-5.563787695749067,2.4,1.0
81785,plain,plain,air,2.44,,0.5,,1,,0.28,1.53725490196078e-05,0.151393900649969,81785_plain,1,-34.025397107001176,-5.025397107001176,-18.132541134134993,-13.107144027133817,-11.056839373155615,2.4,1.0
81785,plain,plain,air,2.44,,0.65,,1,,0.189,7.00411764705882e-06,0.0993295382164449,81785_plain,1,-36.30426415313791,-7.3042641531379076,-21.546465677514483,-14.242201524376576,-14.470763916535116,2.4,1.0
81785,plain,plain,air,2.44,,0.8,,1,,0.105,2.16176470588235e-06,0.0545018042339889,81785_plain,1,-38.10779676011967,-9.107796760119669,-26.651915779580605,-17.544119019460936,-19.576214018601238,2.4,1.0
81785,plain,bent,air,2.36,,0.3,,1,,0.518,5.26125490196078e-05,0.186532424990827,81785_bent,1,-29.588422114674046,-0.5884221146740458,-12.789106566074706,-12.20068445140066,-5.7134048050953385,2.4,1.0
81785,plain,bent,air,2.36,,0.5,,1,,0.335,2.20049019607843e-05,0.216711485975036,81785_bent,1,-34.025397107001176,-5.025397107001176,-16.57480562024246,-11.549408513241286,-9.499103859263094,2.4,1.0
81785,plain,bent,air,2.36,,0.65,,1,,0.229,1.02825490196078e-05,0.145822914073195,81785_bent,1,-36.30426415313791,-7.3042641531379076,-19.87899211418162,-12.574727961043713,-12.80329035320224,2.4,1.0
81785,plain,bent,air,2.36,,0.8,,1,,0.148,4.29490196078431e-06,0.108281861219165,81785_bent,1,-38.10779676011967,-9.107796760119669,-23.67046745308022,-14.562670692960552,-16.594765692100854,2.4,1.0
81785,plain,bent,air,2.37,,0.3,,1,,0.5730000000000001,6.43782352941177e-05,0.228246465335987,81785_bent,1,-29.588422114674046,-0.5884221146740458,-11.912609321631562,-11.324187206957516,-4.836907560652199,2.4,1.0
81785,plain,bent,air,2.37,,0.5,,1,,0.377,2.7868431372549e-05,0.274457445222952,81785_bent,1,-34.025397107001176,-5.025397107001176,-15.548874756863508,-10.523477649862333,-8.473172995884143,2.4,1.0
81785,plain,bent,air,2.37,,0.65,,1,,0.28600000000000003,1.6038431372549e-05,0.227450488730784,81785_bent,1,-36.30426415313791,-7.3042641531379076,-17.94838109839851,-10.644116945260603,-10.87267933741914,2.4,1.0
81785,plain,bent,air,2.37,,0.8,,1,,0.18,6.35294117647059e-06,0.160168567544784,81785_bent,1,-38.10779676011967,-9.107796760119669,-21.97025165891324,-12.862454898793573,-14.89454989793388,2.4,1.0
81785,plain,bent,air,2.38,,0.3,,1,,0.641,8.05649019607843e-05,0.285634640630939,81785_bent,1,-29.588422114674046,-0.5884221146740458,-10.938541170603015,-10.35011905592897,-3.862839409623651,2.4,1.0
81785,plain,bent,air,2.38,,0.5,,1,,0.47400000000000003,4.40541176470588e-05,0.43385938804123,81785_bent,1,-34.025397107001176,-5.025397107001176,-13.560134927497664,-8.534737820496488,-6.484433166518299,2.4,1.0
81785,plain,bent,air,2.38,,0.65,,1,,0.314,1.93325490196078e-05,0.274166320931346,81785_bent,1,-36.30426415313791,-7.3042641531379076,-17.137108799515076,-9.832844646377168,-10.061407038535702,2.4,1.0
81785,plain,bent,air,2.38,,0.8,,1,,0.20800000000000002,8.48313725490196e-06,0.213874472415356,81785_bent,1,-38.10779676011967,-9.107796760119669,-20.71443506172413,-11.606638301604463,-13.638733300744768,2.4,1.0
81785,plain,bent,air,2.39,,0.3,,1,,0.859,0.000144682549019608,0.51295721696403,81785_bent,1,-29.588422114674046,-0.5884221146740458,-8.395838484354513,-7.8074163696804675,-1.320136723375154,2.4,1.0
81785,plain,bent,air,2.39,,0.5,,1,,0.513,5.16017647058824e-05,0.508191089797854,81785_bent,1,-34.025397107001176,-5.025397107001176,-12.873354458743034,-7.847957351741858,-5.797652697763675,2.4,1.0
81785,plain,bent,air,2.39,,0.65,,1,,0.357,2.499e-05,0.354397982031513,81785_bent,1,-36.30426415313791,-7.3042641531379076,-16.0223374387355,-8.718073285597594,-8.946635677756136,2.4,1.0
81785,plain,bent,air,2.39,,0.8,,1,,0.254,,0.318933188386397,81785_bent,1,-38.10779676011967,-9.107796760119669,,,-11.903325667601239,2.4,1.0
81785,plain,bent,air,2.4,,0.3,,1,,0.851,0.000142000196078431,0.503447208266059,81785_bent,1,-29.588422114674046,-0.5884221146740458,-8.477110559287617,-7.888688444613571,-1.4014087983082426,2.4,1.0
81785,plain,bent,air,2.4,,0.5,,1,,0.488,4.66949019607843e-05,0.459866697402886,81785_bent,1,-34.025397107001176,-5.025397107001176,-13.307305320925153,-8.281908213923977,-6.231603559945787,2.4,1.0
81785,plain,bent,air,2.4,,0.65,,1,,0.4,3.13725490196078e-05,0.4449126876244,81785_bent,1,-36.30426415313791,-7.3042641531379076,-15.03450193442012,-7.730237781282213,-7.958800173440752,2.4,1.0
81785,plain,bent,air,2.4,,0.8,,1,,0.277,1.50449019607843e-05,,81785_bent,1,-38.10779676011967,-9.107796760119669,-18.226106379690396,-9.118309619570727,-11.150404618711027,2.4,1.0
81785,plain,bent,air,2.41,,0.3,,1,,0.859,0.000144682549019608,0.51295721696403,81785_bent,1,-29.588422114674046,-0.5884221146740458,-8.395838484354513,-7.8074163696804675,-1.320136723375154,2.4,1.0
81785,plain,bent,air,2.41,,0.5,,1,,0.488,4.66949019607843e-05,0.459866697402886,81785_bent,1,-34.025397107001176,-5.025397107001176,-13.307305320925153,-8.281908213923977,-6.231603559945787,2.4,1.0
81785,plain,bent,air,2.41,,0.65,,1,,0.386,2.92149019607843e-05,0.414313817533032,81785_bent,1,-36.30426415313791,-7.3042641531379076,-15.343955667544266,-8.039691514406359,-8.268253906564901,2.4,1.0
81785,plain,bent,air,2.41,,0.8,,1,,0.254,1.26501960784314e-05,0.318933188386397,81785_bent,1,-38.10779676011967,-9.107796760119669,-18.979027428580594,-9.871230668460925,-11.903325667601239,2.4,1.0
81785,plain,bent,air,2.42,,0.3,,1,,0.709,9.85649019607843e-05,0.349451804262064,81785_bent,1,-29.588422114674046,-0.5884221146740458,-10.062777057318034,-9.474354942643988,-2.98707529633867,2.4,1.0
81785,plain,bent,air,2.42,,0.5,,1,,0.377,2.7868431372549e-05,0.274457445222952,81785_bent,1,-34.025397107001176,-5.025397107001176,-15.548874756863508,-10.523477649862333,-8.473172995884143,2.4,1.0
81785,plain,bent,air,2.42,,0.65,,1,,0.329,2.12237254901961e-05,0.300986213882204,81785_bent,1,-36.30426415313791,-7.3042641531379076,-16.731783801979873,-9.427519648841965,-9.656082041000513,2.4,1.0
81785,plain,bent,air,2.42,,0.8,,1,,0.194,7.37960784313726e-06,0.18605259901591,81785_bent,1,-38.10779676011967,-9.107796760119669,-21.319667162374838,-12.211870402255169,-14.24396540139548,2.4,1.0
81785,plain,bent,air,2.43,,0.3,,1,,0.6,7.05882352941176e-05,0.250263386788725,81785_bent,1,-29.588422114674046,-0.5884221146740458,-11.512676753306494,-10.924254638632448,-4.436974992327128,2.4,1.0
81785,plain,bent,air,2.43,,0.5,,1,,0.293,1.6833137254902e-05,0.165778252256367,81785_bent,1,-34.025397107001176,-5.025397107001176,-17.738349353897163,-12.712952246895988,-10.66264759291781,2.4,1.0
81785,plain,bent,air,2.43,,0.65,,1,,0.214,8.97960784313725e-06,0.127345134015294,81785_bent,1,-36.30426415313791,-7.3042641531379076,-20.467426293995548,-13.16316214085764,-13.391724533016182,2.4,1.0
81785,plain,bent,air,2.43,,0.8,,1,,0.162,5.14588235294118e-06,0.129736539711275,81785_bent,1,-38.10779676011967,-9.107796760119669,-22.885401470126745,-13.777604710007076,-15.809699709147381,2.4,1.0
81785,plain,bent,air,2.44,,0.3,,1,,0.545,5.82401960784314e-05,0.206484673502558,81785_bent,1,-29.588422114674046,-0.5884221146740458,-12.347771715446513,-11.759349600772467,-5.27206995446715,2.4,1.0
81785,plain,bent,air,2.44,,0.5,,1,,0.251,1.2353137254902e-05,0.121657744066948,81785_bent,1,-34.025397107001176,-5.025397107001176,-19.082227331358588,-14.056830224357412,-12.006525570379235,2.4,1.0
81785,plain,bent,air,2.44,,0.65,,1,,0.16,5.01960784313725e-06,0.071186030019904,81785_bent,1,-36.30426415313791,-7.3042641531379076,-22.99330210786087,-15.689037954722963,-15.917600346881503,2.4,1.0
81785,plain,bent,air,2.44,,0.8,,1,,0.115,2.59313725490196e-06,0.0653774477092521,81785_bent,1,-38.10779676011967,-9.107796760119669,-25.86174495390713,-16.753948193787462,-18.786043192927767,2.4,1.0
81813,plain,plain,air,2.36,-4.0,,,1,,0.806,0.0001274,0.294,81813_plain,1,,,-8.948305720006683,,-1.8732991638981866,2.39,1.0
81813,plain,plain,air,2.36,-8.0,,,1,,0.535,5.61e-05,0.29100000000000004,81813_plain,1,,,-12.510371387438386,,-5.432924359575431,2.39,1.0
81813,plain,plain,air,2.36,-10.0,,,1,,0.428,3.59e-05,0.249,81813_plain,1,,,-14.44905551421681,,-7.37112461973656,2.39,1.0
81813,plain,plain,air,2.36,-12.0,,,1,,0.295,1.7100000000000002e-05,0.24600000000000002,81813_plain,1,,,-17.670038896078463,,-10.60355968043674,2.39,1.0
81813,plain,plain,air,2.37,-4.0,,,1,,0.924,0.0001674,0.386,81813_plain,1,,,-7.762445463427588,,-0.6865605755978655,2.39,1.0
81813,plain,plain,air,2.37,-8.0,,,1,,0.584,6.69e-05,0.34700000000000003,81813_plain,1,,,-11.74573882232177,,-4.6717430577520105,2.39,1.0
81813,plain,plain,air,2.37,-10.0,,,1,,0.448,3.9399999999999995e-05,0.311,81813_plain,1,,,-14.04503778174426,,-6.97443972003712,2.39,1.0
81813,plain,plain,air,2.37,-12.0,,,1,,0.334,2.1899999999999997e-05,0.315,81813_plain,1,,,-16.595558851598817,,-9.52507066376871,2.39,1.0
81813,plain,plain,air,2.38,-4.0,,,1,,1.006,0.0001984,0.45799999999999996,81813_plain,1,,,-7.024583321818402,,0.05195961439817189,2.39,1.0
81813,plain,plain,air,2.38,-8.0,,,1,,0.633,7.859999999999999e-05,0.408,81813_plain,1,,,-11.045774539605922,,-3.971925799652898,2.39,1.0
81813,plain,plain,air,2.38,-10.0,,,1,,0.493,4.77e-05,0.389,81813_plain,1,,,-13.214816209598862,,-6.1430616144554,2.39,1.0
81813,plain,plain,air,2.38,-12.0,,,1,,0.357,2.4999999999999998e-05,0.36,81813_plain,1,,,-16.020599913279625,,-8.946635677756136,2.39,1.0
81813,plain,plain,air,2.39,-4.0,,,1,,1.05,0.00021619999999999997,0.499,81813_plain,1,,,-6.651443103827085,,0.42378598139876184,2.39,1.0
81813,plain,plain,air,2.39,-8.0,,,1,,0.659,8.52e-05,0.44200000000000006,81813_plain,1,,,-10.695604052333,,-3.6222917081198025,2.39,1.0
81813,plain,plain,air,2.39,-10.0,,,1,,0.495,4.8e-05,0.41000000000000003,81813_plain,1,,,-13.187587626244127,,-6.107896021328626,2.39,1.0
81813,plain,plain,air,2.39,-12.0,,,1,,0.37,2.68e-05,0.387,81813_plain,1,,,-15.718652059712113,,-8.6359655186601,2.39,1.0
81813,plain,plain,air,2.4,-4.0,,,1,,1.041,0.0002125,0.49,81813_plain,1,,,-6.7264106561366965,,0.3490145902107225,2.39,1.0
81813,plain,plain,air,2.4,-8.0,,,1,,0.68,9.07e-05,0.47000000000000003,81813_plain,1,,,-10.423927129399049,,-3.349821745875273,2.39,1.0
81813,plain,plain,air,2.4,-10.0,,,1,,0.482,4.56e-05,0.42200000000000004,81813_plain,1,,,-13.41035157335565,,-6.339059235223009,2.39,1.0
81813,plain,plain,air,2.4,-12.0,,,1,,0.352,2.43e-05,0.35000000000000003,81813_plain,1,,,-16.143937264016877,,-9.06914673043738,2.39,1.0
81813,plain,plain,air,2.41,-4.0,,,1,,0.979,0.0001879,0.433,81813_plain,1,,,-7.260732198994743,,-0.18434616393724368,2.39,1.0
81813,plain,plain,air,2.41,-8.0,,,1,,0.644,8.13e-05,0.42200000000000004,81813_plain,1,,,-10.899094544059318,,-3.822282652803758,2.39,1.0
81813,plain,plain,air,2.41,-10.0,,,1,,0.431,3.64e-05,0.33899999999999997,81813_plain,1,,,-14.38898616350944,,-7.310454596785369,2.39,1.0
81813,plain,plain,air,2.41,-12.0,,,1,,0.318,1.98e-05,0.28600000000000003,81813_plain,1,,,-17.03334809738469,,-9.951457600311347,2.39,1.0
81813,plain,plain,air,2.42,-4.0,,,1,,0.898,0.0001581,0.365,81813_plain,1,,,-8.01068130067791,,-0.9344732666539124,2.39,1.0
81813,plain,plain,air,2.42,-8.0,,,1,,0.586,6.73e-05,0.349,81813_plain,1,,,-11.719849357760232,,-4.642047679638187,2.39,1.0
81813,plain,plain,air,2.42,-10.0,,,1,,0.388,2.95e-05,0.249,81813_plain,1,,,-15.30177984021837,,-8.223365488115855,2.39,1.0
81813,plain,plain,air,2.42,-12.0,,,1,,0.29,1.6499999999999998e-05,0.237,81813_plain,1,,,-17.825160557860936,,-10.752040042020878,2.39,1.0
81813,plain,plain,air,2.43,-4.0,,,1,,0.777,0.0001184,0.273,81813_plain,1,,,-9.26648297613099,,-2.1915796239817147,2.39,1.0
81813,plain,plain,air,2.43,-8.0,,,1,,0.523,5.36e-05,0.278,81813_plain,1,,,-12.7083521030723,,-5.629966222654515,2.39,1.0
81813,plain,plain,air,2.43,-10.0,,,1,,0.354,2.46e-05,0.172,81813_plain,1,,,-16.09064892896621,,-9.019934759484244,2.39,1.0
81813,plain,plain,air,2.43,-12.0,,,1,,0.24,1.13e-05,0.162,81813_plain,1,,,-19.469215565165804,,-12.39577516576788,2.39,1.0
81813,plain,plain,air,2.44,-4.0,,,1,,0.656,8.44e-05,0.19399999999999998,81813_plain,1,,,-10.736575533743448,,-3.661923212486794,2.39,1.0
81813,plain,plain,air,2.44,-8.0,,,1,,0.448,3.9399999999999995e-05,0.204,81813_plain,1,,,-14.04503778174426,,-6.97443972003712,2.39,1.0
81813,plain,plain,air,2.44,-10.0,,,1,,0.292,1.67e-05,0.111,81813_plain,1,,,-17.772835288524167,,-10.692342971031634,2.39,1.0
81813,plain,plain,air,2.44,-12.0,,,1,,0.184,6.5999999999999995e-06,0.095,81813_plain,1,,,-21.80456064458131,,-14.70364353980927,2.39,1.0
81813,r15,plain,air,2.36,-4.0,,,1,,0.768,0.0001157,0.267,81813_r15,1,,,-9.366666410482505,,-2.29277559936976,2.39,1.0
81813,r15,plain,air,2.36,-8.0,,,1,,0.49,4.71e-05,,81813_r15,1,,,-13.26979092871104,,-6.196078399429727,2.39,1.0
81813,r15,plain,air,2.36,-10.0,,,1,,0.351,2.42e-05,0.223,81813_r15,1,,,-16.161846340195687,,-9.09385767068352,2.39,1.0
81813,r15,plain,air,2.36,-12.0,,,1,,0.24,1.13e-05,,81813_r15,1,,,-19.469215565165804,,-12.39577516576788,2.39,1.0
81813,r15,plain,air,2.37,-4.0,,,1,,0.867,0.0001474,0.34,81813_r15,1,,,-8.315025164769672,,-1.2396180504757943,2.39,1.0
81813,r15,plain,air,2.37,-8.0,,,1,,0.54,5.72e-05,,81813_r15,1,,,-12.426039712069759,,-5.352124803540629,2.39,1.0
81813,r15,plain,air,2.37,-10.0,,,1,,0.395,3.06e-05,0.282,81813_r15,1,,,-15.142785735184201,,-8.068058087470796,2.39,1.0
81813,r15,plain,air,2.37,-12.0,,,1,,0.285,1.59e-05,,81813_r15,1,,,-17.986028756795484,,-10.903102799829796,2.39,1.0
81813,r15,plain,air,2.38,-4.0,,,1,,0.915,0.00016419999999999998,0.379,81813_r15,1,,,-7.8462684721657805,,-0.7715781186710341,2.39,1.0
81813,r15,plain,air,2.38,-8.0,,,1,,0.57,6.37e-05,,81813_r15,1,,,-11.958605676646494,,-4.8825028865501725,2.39,1.0
81813,r15,plain,air,2.38,-10.0,,,1,,0.444,3.87e-05,0.35700000000000004,81813_r15,1,,,-14.122890349810886,,-7.0523405977076035,2.39,1.0
81813,r15,plain,air,2.38,-12.0,,,1,,0.305,1.82e-05,,81813_r15,1,,,-17.399286120149252,,-10.314003213064284,2.39,1.0
81813,r15,plain,air,2.39,-4.0,,,1,,0.97,0.00018449999999999999,0.42600000000000005,81813_r15,1,,,-7.3400362950492095,,-0.2645653146751032,2.39,1.0
81813,r15,plain,air,2.39,-8.0,,,1,,0.605,7.18e-05,,81813_r15,1,,,-11.438755557576997,,-4.364892506950622,2.39,1.0
81813,r15,plain,air,2.39,-10.0,,,1,,0.456,4.0799999999999996e-05,0.376,81813_r15,1,,,-13.893398369101202,,-6.8207031467113,2.39,1.0
81813,r15,plain,air,2.39,-12.0,,,1,,0.325,2.07e-05,,81813_r15,1,,,-16.840296545430824,,-9.762332780422513,2.39,1.0
81813,r15,plain,air,2.4,-4.0,,,1,,0.99,0.00019219999999999998,0.444,81813_r15,1,,,-7.162466166674735,,-0.08729610804900176,2.39,1.0
81813,r15,plain,air,2.4,-8.0,,,1,,0.65,8.28e-05,,81813_r15,1,,,-10.8196966321512,,-3.7417328671428884,2.39,1.0
81813,r15,plain,air,2.4,-10.0,,,1,,0.463,4.2e-05,0.38799999999999996,81813_r15,1,,,-13.767507096020996,,-6.688380179640937,2.39,1.0
81813,r15,plain,air,2.4,-12.0,,,1,,0.302,1.7899999999999998e-05,,81813_r15,1,,,-17.47146969020107,,-10.399861140856988,2.39,1.0
81813,r15,plain,air,2.41,-4.0,,,1,,0.96,0.00018069999999999997,0.41700000000000004,81813_r15,1,,,-7.430418474390682,,-0.35457533920863205,2.39,1.0
81813,r15,plain,air,2.41,-8.0,,,1,,0.63,7.78e-05,,81813_r15,1,,,-11.09020403010311,,-4.013189010928365,2.39,1.0
81813,r15,plain,air,2.41,-10.0,,,1,,0.413,3.34e-05,0.309,81813_r15,1,,,-14.762535331884354,,-7.6809989668719805,2.39,1.0
81813,r15,plain,air,2.41,-12.0,,,1,,0.272,1.45e-05,,81813_r15,1,,,-18.386319977650253,,-11.308621919316025,2.39,1.0
81813,r15,plain,air,2.42,-4.0,,,1,,0.84,0.0001384,0.319,81813_r15,1,,,-8.58863909879261,,-1.5144142787623671,2.39,1.0
81813,r15,plain,air,2.42,-8.0,,,1,,0.54,5.72e-05,,81813_r15,1,,,-12.426039712069759,,-5.352124803540629,2.39,1.0
81813,r15,plain,air,2.42,-10.0,,,1,,0.351,2.42e-05,0.223,81813_r15,1,,,-16.161846340195687,,-9.09385767068352,2.39,1.0
81813,r15,plain,air,2.42,-12.0,,,1,,0.255,1.28e-05,,81813_r15,1,,,-18.927900303521316,,-11.869196391320898,2.39,1.0
81813,r15,plain,air,2.43,-4.0,,,1,,0.755,0.0001118,0.258,81813_r15,1,,,-9.515581964495954,,-2.441060967416235,2.39,1.0
81813,r15,plain,air,2.43,-8.0,,,1,,0.48,4.52e-05,,81813_r15,1,,,-13.448615651886179,,-6.375175252488256,2.39,1.0
81813,r15,plain,air,2.43,-10.0,,,1,,0.299,1.75e-05,0.162,81813_r15,1,,,-17.569619513137056,,-10.486576233511407,2.39,1.0
81813,r15,plain,air,2.43,-12.0,,,1,,0.2,7.8e-06,,81813_r15,1,,,-21.079053973095196,,-13.979400086720375,2.39,1.0
81813,r15,plain,air,2.44,-4.0,,,1,,0.624,7.63e-05,0.17600000000000002,81813_r15,1,,,-11.174754620451194,,-4.09630820635152,2.39,1.0
81813,r15,plain,air,2.44,-8.0,,,1,,0.41,3.2999999999999996e-05,,81813_r15,1,,,-14.814860601221127,,-7.744322865605291,2.39,1.0
81813,r15,plain,air,2.44,-10.0,,,1,,0.238,1.1099999999999999e-05,0.1026,81813_r15,1,,,-19.546770212133428,,-12.468460858869761,2.39,1.0
81813,r15,plain,air,2.44,-12.0,,,1,,0.14,3.7999999999999996e-06,,81813_r15,1,,,-24.2021640338319,,-17.07743928643524,2.39,1.0
81813,r20,plain,air,2.36,-4.0,,,1,,0.788,0.00012179999999999999,0.281,81813_r20,1,,,-9.143527117031434,,-2.069475650208893,2.39,1.0
81813,r20,plain,air,2.36,-8.0,,,1,,0.5,4.9e-05,,81813_r20,1,,,-13.098039199714863,,-6.020599913279624,2.39,1.0
81813,r20,plain,air,2.36,-10.0,,,1,,0.371,2.7e-05,0.249,81813_r20,1,,,-15.686362358410125,,-8.612521807699082,2.39,1.0
81813,r20,plain,air,2.36,-12.0,,,1,,0.265,1.38e-05,,81813_r20,1,,,-18.601209135987634,,-11.535082521263842,2.39,1.0
81813,r20,plain,air,2.37,-4.0,,,1,,0.893,0.0001564,0.36,81813_r20,1,,,-8.057632512761707,,-0.9829708222290713,2.39,1.0
81813,r20,plain,air,2.37,-8.0,,,1,,0.55,5.929999999999999e-05,,81813_r20,1,,,-12.269453066357375,,-5.192746210115122,2.39,1.0
81813,r20,plain,air,2.37,-10.0,,,1,,0.415,3.3799999999999995e-05,0.311,81813_r20,1,,,-14.710832997223452,,-7.639038065758146,2.39,1.0
81813,r20,plain,air,2.37,-12.0,,,1,,0.31,1.88e-05,,81813_r20,1,,,-17.258421507363202,,-10.172766123314547,2.39,1.0
81813,r20,plain,air,2.38,-4.0,,,1,,0.945,0.00017509999999999997,0.40399999999999997,81813_r20,1,,,-7.567138539165539,,-0.4913638298147415,2.39,1.0
81813,r20,plain,air,2.38,-8.0,,,1,,0.59,6.829999999999999e-05,,81813_r20,1,,,-11.655792963184675,,-4.582959767157116,2.39,1.0
81813,r20,plain,air,2.38,-10.0,,,1,,0.464,4.22e-05,0.389,81813_r20,1,,,-13.74687549038326,,-6.6696403889023825,2.39,1.0
81813,r20,plain,air,2.38,-12.0,,,1,,0.33,2.14e-05,,81813_r20,1,,,-16.695862266508094,,-9.62972120244225,2.39,1.0
81813,r20,plain,air,2.39,-4.0,,,1,,1.024,0.00020559999999999998,0.474,81813_r20,1,,,-6.86976889676762,,0.20599913279623921,2.39,1.0
81813,r20,plain,air,2.39,-8.0,,,1,,0.635,7.909999999999998e-05,,81813_r20,1,,,-11.018235165023235,,-3.9445254941604864,2.39,1.0
81813,r20,plain,air,2.39,-10.0,,,1,,0.476,4.4399999999999995e-05,0.41000000000000003,81813_r20,1,,,-13.5261702988538,,-6.447860945590137,2.39,1.0
81813,r20,plain,air,2.39,-12.0,,,1,,0.35,2.4e-05,,81813_r20,1,,,-16.19788758288394,,-9.118639112994488,2.39,1.0
81813,r20,plain,air,2.4,-4.0,,,1,,1.05,0.00021619999999999997,0.499,81813_r20,1,,,-6.651443103827085,,0.42378598139876184,2.39,1.0
81813,r20,plain,air,2.4,-8.0,,,1,,0.69,9.340000000000001e-05,,81813_r20,1,,,-10.296531237699067,,-3.2230181852548947,2.39,1.0
81813,r20,plain,air,2.4,-10.0,,,1,,0.483,4.57e-05,0.42200000000000004,81813_r20,1,,,-13.400837999301498,,-6.321057384969757,2.39,1.0
81813,r20,plain,air,2.4,-12.0,,,1,,0.332,2.16e-05,,81813_r20,1,,,-16.65546248849069,,-9.577238325919273,2.39,1.0
81813,r20,plain,air,2.41,-4.0,,,1,,0.998,0.0001953,0.45,81813_r20,1,,,-7.092977567121456,,-0.017389174252577827,2.39,1.0
81813,r20,plain,air,2.41,-8.0,,,1,,0.65,8.28e-05,,81813_r20,1,,,-10.8196966321512,,-3.7417328671428884,2.39,1.0
81813,r20,plain,air,2.41,-10.0,,,1,,0.433,3.679999999999999e-05,0.33899999999999997,81813_r20,1,,,-14.341521813264823,,-7.270242072932691,2.39,1.0
81813,r20,plain,air,2.41,-12.0,,,1,,0.298,1.74e-05,,81813_r20,1,,,-17.594507517174,,-10.515674718474896,2.39,1.0
81813,r20,plain,air,2.42,-4.0,,,1,,0.893,0.0001564,0.36,81813_r20,1,,,-8.057632512761707,,-0.9829708222290713,2.39,1.0
81813,r20,plain,air,2.42,-8.0,,,1,,0.56,6.149999999999999e-05,,81813_r20,1,,,-12.111248842245834,,-5.036239459875991,2.39,1.0
81813,r20,plain,air,2.42,-10.0,,,1,,0.371,2.7e-05,0.249,81813_r20,1,,,-15.686362358410125,,-8.612521807699082,2.39,1.0
81813,r20,plain,air,2.42,-12.0,,,1,,0.27,1.43e-05,,81813_r20,1,,,-18.44663962534938,,-11.372724716820253,2.39,1.0
81813,r20,plain,air,2.43,-4.0,,,1,,0.735,0.0001059,0.244,81813_r20,1,,,-9.75104039892515,,-2.6742532183161023,2.39,1.0
81813,r20,plain,air,2.43,-8.0,,,1,,0.49,4.71e-05,,81813_r20,1,,,-13.26979092871104,,-6.196078399429727,2.39,1.0
81813,r20,plain,air,2.43,-10.0,,,1,,0.309,1.8699999999999997e-05,0.172,81813_r20,1,,,-17.28158393463501,,-10.200830411503308,2.39,1.0
81813,r20,plain,air,2.43,-12.0,,,1,,0.22,9.499999999999999e-06,,81813_r20,1,,,-20.222763947111524,,-13.151546383555875,2.39,1.0
81813,r20,plain,air,2.44,-4.0,,,1,,0.604,7.15e-05,0.165,81813_r20,1,,,-11.456939581989193,,-4.379261227577364,2.39,1.0
81813,r20,plain,air,2.44,-8.0,,,1,,0.41,3.2999999999999996e-05,,81813_r20,1,,,-14.814860601221127,,-7.744322865605291,2.39,1.0
81813,r20,plain,air,2.44,-10.0,,,1,,0.248,1.21e-05,0.111,81813_r20,1,,,-19.1721462968355,,-12.110966383475674,2.39,1.0
81813,r20,plain,air,2.44,-12.0,,,1,,0.17,5.7e-06,,81813_r20,1,,,-22.441251443275085,,-15.39102157243452,2.39,1.0
81813,plain,plain,air,2.4,,,0.0,1,,0.47700000000000004,,,81813_Fig13_RA,1,,,,,-6.429632419197721,2.39,1.0
81813,r20,plain,air,2.4,,,0.0,1,,0.47200000000000003,,,81813_Fig13_RA,1,,,,,-6.521160027318244,2.39,1.0
81813,r20,plain,air,2.4,,,0.0,2,,0.466,,,81813_Fig13_RA,1,,,,,-6.632281666199996,2.39,1.0
81813,r15,plain,air,2.4,,,0.0,1,,0.458,,,81813_Fig13_RA,1,,,,,-6.782690439922616,2.39,1.0
81813,r15,plain,air,2.4,,,0.0,2,,0.451,,,81813_Fig13_RA,1,,,,,-6.916469162440789,2.39,1.0
81813,plain,plain,air,2.4,,,15.0,1,,0.494,,,81813_Fig13_RA,1,,,,,-6.125461021527061,2.39,0.9330127018922194
81813,r20,plain,air,2.4,,,15.0,1,,0.488,,,81813_Fig13_RA,1,,,,,-6.231603559945787,2.39,0.9330127018922194
81813,r20,plain,air,2.4,,,15.0,2,,0.47700000000000004,,,81813_Fig13_RA,1,,,,,-6.429632419197721,2.39,0.9330127018922194
81813,r15,plain,air,2.4,,,15.0,1,,0.47200000000000003,,,81813_Fig13_RA,1,,,,,-6.521160027318244,2.39,0.9330127018922194
81813,r15,plain,air,2.4,,,15.0,2,,0.461,,,81813_Fig13_RA,1,,,,,-6.725981492207037,2.39,0.9330127018922194
81813,plain,plain,air,2.4,,,30.0,1,,0.483,,,81813_Fig13_RA,1,,,,,-6.321057384969757,2.39,0.7500000000000001
81813,r20,plain,air,2.4,,,30.0,1,,0.47700000000000004,,,81813_Fig13_RA,1,,,,,-6.429632419197721,2.39,0.7500000000000001
81813,r20,plain,air,2.4,,,30.0,2,,0.46900000000000003,,,81813_Fig13_RA,1,,,,,-6.576543145698333,2.39,0.7500000000000001
81813,r15,plain,air,2.4,,,30.0,1,,0.456,,,81813_Fig13_RA,1,,,,,-6.8207031467113,2.39,0.7500000000000001
81813,r15,plain,air,2.4,,,30.0,2,,0.451,,,81813_Fig13_RA,1,,,,,-6.916469162440789,2.39,0.7500000000000001
81813,plain,plain,air,2.4,,,45.0,1,,0.464,,,81813_Fig13_RA,1,,,,,-6.6696403889023825,2.39,0.5000000000000001
81813,r20,plain,air,2.4,,,45.0,1,,0.443,,,81813_Fig13_RA,1,,,,,-7.071925475538609,2.39,0.5000000000000001
81813,r20,plain,air,2.4,,,45.0,2,,0.433,,,81813_Fig13_RA,1,,,,,-7.270242072932691,2.39,0.5000000000000001
81813,r15,plain,air,2.4,,,45.0,1,,0.406,,,81813_Fig13_RA,1,,,,,-7.829479328456117,2.39,0.5000000000000001
81813,r15,plain,air,2.4,,,45.0,2,,0.41100000000000003,,,81813_Fig13_RA,1,,,,,-7.723163562478615,2.39,0.5000000000000001
81813,plain,plain,air,2.4,,,60.0,1,,0.41300000000000003,,,81813_Fig13_RA,1,,,,,-7.680998966871979,2.39,0.2500000000000001
81813,r20,plain,air,2.4,,,60.0,1,,0.397,,,81813_Fig13_RA,1,,,,,-8.024189864737698,2.39,0.2500000000000001
81813,r20,plain,air,2.4,,,60.0,2,,0.402,,,81813_Fig13_RA,1,,,,,-7.915478938310598,2.39,0.2500000000000001
81813,r15,plain,air,2.4,,,60.0,1,,0.366,,,81813_Fig13_RA,1,,,,,-8.730378292111787,2.39,0.2500000000000001
81813,r15,plain,air,2.4,,,60.0,2,,0.377,,,81813_Fig13_RA,1,,,,,-8.473172995884143,2.39,0.2500000000000001
81813,plain,plain,air,2.4,,,75.0,1,,0.395,,,81813_Fig13_RA,1,,,,,-8.068058087470796,2.39,0.06698729810778066
81813,r20,plain,air,2.4,,,75.0,1,,0.373,,,81813_Fig13_RA,1,,,,,-8.565823363826247,2.39,0.06698729810778066
81813,r20,plain,air,2.4,,,75.0,2,,0.381,,,81813_Fig13_RA,1,,,,,-8.381500486487614,2.39,0.06698729810778066
81813,r15,plain,air,2.4,,,75.0,1,,0.34800000000000003,,,81813_Fig13_RA,1,,,,,-9.168415121068382,2.39,0.06698729810778066
81813,r15,plain,air,2.4,,,75.0,2,,0.358,,,81813_Fig13_RA,1,,,,,-8.922339467122512,2.39,0.06698729810778066
81813,plain,plain,air,2.4,,,90.0,1,,0.386,,,81813_Fig13_RA,1,,,,,-8.268253906564901,2.39,3.749399456654644e-33
81813,r20,plain,air,2.4,,,90.0,1,,0.362,,,81813_Fig13_RA,1,,,,,-8.825828589336686,2.39,3.749399456654644e-33
81813,r20,plain,air,2.4,,,90.0,2,,0.375,,,81813_Fig13_RA,1,,,,,-8.519374645445623,2.39,3.749399456654644e-33
81813,r15,plain,air,2.4,,,90.0,1,,0.338,,,81813_Fig13_RA,1,,,,,-9.421665994446904,2.39,3.749399456654644e-33
81813,r15,plain,air,2.4,,,90.0,2,,0.34800000000000003,,,81813_Fig13_RA,1,,,,,-9.168415121068382,2.39,3.749399456654644e-33
